"","Gene.symbol","Log2FoldChange","ENTREZID"
"1","EIF5A",5.604523822,"1984"
"2","RHOA",5.506850767,"387"
"3","SCOC",5.444867224,"60592"
"4","MAD2L1",5.205488861,"4085"
"5","ARPC4",5.195515661,"10093"
"6","PDCD4",4.712027583,"27250"
"7","AGTR1",4.678188554,"185"
"8","ENO1",4.611346835,"2023"
"9","ARHGAP5",4.596130108,"394"
"10","ARF1",4.558125046,"375"
"11","RIOK3",4.438182033,"8780"
"12","EIF2S3",4.381810896,"1968"
"13","DPP4",4.37334278,"1803"
"14","AKIRIN1",4.285802484,"79647"
"15","PAPOLA",4.256153539,"10914"
"16","HIBADH",4.179241684,"11112"
"17","SMC3",4.141130023,"9126"
"18","HSP90AB1",4.095951589,"3326"
"19","CPE",4.06487279,"1363"
"20","TSPAN4",4.062171019,"7106"
"21","POLR2E",4.025534608,"5434"
"22","TAF11",4.009068478,"6882"
"23","PSAT1",3.971372767,"29968"
"24","CAT",3.918608656,"847"
"25","SLC39A6",3.908740338,"25800"
"26","SEC23A",3.905414305,"10484"
"27","P4HB",3.871956005,"5034"
"28","DUSP1",3.850679137,"1843"
"29","FGB",3.824299662,"2244"
"30","APOE",3.81745108,"348"
"31","AIP",3.794861579,"9049"
"32","TUBB2A",3.785606992,"7280"
"33","STIP1",3.761490422,"10963"
"34","HLA-G",3.750830628,"3135"
"35","TMEM165",3.730197354,"55858"
"36","TIMM23",3.704186636,"100287932"
"37","CCZ1B",3.680210217,"221960"
"38","RAC3",3.621339216,"5881"
"39","PLPP3",3.596758221,"8613"
"40","CAPN7",3.589943262,"23473"
"41","SLC19A3",3.586984111,"80704"
"42","SLC30A5",3.5710315,"64924"
"43","MIGA1",3.546318379,"374986"
"44","ELP5",3.536452785,"23587"
"45","ARF6",3.506181582,"382"
"46","HPGD",3.499025064,"3248"
"47","NAMPT",3.492339249,"10135"
"48","XRN2",3.491699624,"22803"
"49","PRPF4",3.479412258,"9128"
"50","TMX1",3.471712801,"81542"
"51","ACTR2",3.470787235,"10097"
"52","CHMP4B",3.446586343,"128866"
"53","GATAD1",3.417401263,"57798"
"54","GMDS",3.404232112,"2762"
"55","SERPINC1",3.400692999,"462"
"56","KRCC1",3.380522042,"51315"
"57","GLUD2",3.357324432,"2747"
"58","AKR1C2",3.356476355,"1646"
"59","STRN3",3.349286446,"29966"
"60","SAV1",3.344233437,"60485"
"61","CNOT8",3.324776792,"9337"
"62","TAGLN2",3.305757096,"8407"
"63","KCTD6",3.303117527,"200845"
"64","ARFGEF1",3.286974435,"10565"
"65","C1orf174",3.283036192,"339448"
"66","NRBF2",3.272798152,"29982"
"67","SGPP1",3.270583824,"81537"
"68","MED30",3.268649576,"90390"
"69","AGTRAP",3.268213897,"57085"
"70","ADPRM",3.264008836,"56985"
"71","CDC37",3.260205302,"11140"
"72","MAD2L2",3.259414432,"10459"
"73","CA4",3.234629513,"762"
"74","RAD21",3.231731143,"5885"
"75","UGT1A10",3.205551976,"54575"
"76","UGT1A7",3.205551976,"54577"
"77","UGT1A6",3.205551976,"54578"
"78","UGT1A5",3.205551976,"54579"
"79","UGT1A4",3.205551976,"54657"
"80","UGT1A1",3.205551976,"54658"
"81","UGT1A3",3.205551976,"54659"
"82","TNFRSF21",3.186368204,"27242"
"83","EDEM3",3.184279358,"80267"
"84","TIPRL",3.17523998,"261726"
"85","CEP70",3.171022591,"80321"
"86","SELENOT",3.165548084,"51714"
"87","DNAJB6",3.164241899,"10049"
"88","PSMC3",3.159541764,"5702"
"89","TAF12",3.157012869,"6883"
"90","JAK1",3.156437748,"3716"
"91","USO1",3.143117293,"8615"
"92","CNPY3",3.141427691,"10695"
"93","ID1",3.128210825,"3397"
"94","CALU",3.126934998,"813"
"95","NNT",3.112462246,"23530"
"96","ABRAXAS1",3.109966793,"84142"
"97","SEPTIN10",3.106856455,"151011"
"98","MGST1",3.094302077,"4257"
"99","ZC3H7A",3.089036018,"29066"
"100","CPQ",3.087426507,"10404"
"101","GRAMD2B",3.082826524,"65983"
"102","GOLGA7",3.082478904,"51125"
"103","MRPL44",3.073919125,"65080"
"104","TFPI2",3.060071546,"7980"
"105","CRK",3.059558464,"1398"
"106","TCAIM",3.049174009,"285343"
"107","ADAM9",3.045250433,"8754"
"108","GABRA2",3.042006229,"2555"
"109","PAPSS2",3.041932357,"9060"
"110","SFR1",3.031135895,"119392"
"111","PICALM",3.02880638,"8301"
"112","ME2",3.027427272,"4200"
"113","PRPF4B",3.02210096,"8899"
"114","MPDU1",3.021926971,"9526"
"115","CTSS",3.012099614,"1520"
"116","DNTTIP1",3.011775716,"116092"
"117","COL2A1",3.00445314,"1280"
"118","COCH",2.991533941,"1690"
"119","CXCL8",2.988031747,"3576"
"120","SNX2",2.983895455,"6643"
"121","FBXO8",2.971340066,"26269"
"122","GALK2",2.962134379,"2585"
"123","CCDC88A",2.957153718,"55704"
"124","TPM4",2.953932013,"7171"
"125","MOSPD1",2.94552562,"56180"
"126","AMZ2P1",2.940429738,"201283"
"127","RSRP1",2.935835652,"57035"
"128","RBBP4",2.935004467,"5928"
"129","RAB18",2.933632121,"22931"
"130","RARS2",2.931460149,"57038"
"131","TNFRSF11B",2.931203101,"4982"
"132","SNCAIP",2.910235694,"9627"
"133","GBP1",2.907974793,"2633"
"134","ZMAT5",2.903655451,"55954"
"135","OCIAD1",2.898324954,"54940"
"136","CD164",2.895456884,"8763"
"137","PDGFC",2.88646461,"56034"
"138","GOSR2",2.885056113,"9570"
"139","PRR15L",2.880716031,"79170"
"140","FAM210A",2.880661882,"125228"
"141","SAE1",2.880052872,"10055"
"142","E2F5",2.879275162,"1875"
"143","NEK3",2.870414872,"4752"
"144","REXO2",2.854212305,"25996"
"145","ACLY",2.847965101,"47"
"146","MLLT10",2.846761659,"8028"
"147","ANXA3",2.8454692,"306"
"148","OCLN",2.845294619,"100506658"
"149","APPL1",2.844801842,"26060"
"150","YIF1B",2.844403836,"90522"
"151","TOMM22",2.841003347,"56993"
"152","RETSAT",2.828226672,"54884"
"153","PTGR1",2.822954762,"22949"
"154","SLC22A9",2.81293471,"114571"
"155","CCNL2",2.808447761,"81669"
"156","TKT",2.80629698,"7086"
"157","LIAS",2.804501101,"11019"
"158","LARP7",2.802126691,"51574"
"159","CDH2",2.799068216,"1000"
"160","WSB1",2.794832167,"26118"
"161","BAX",2.794062912,"581"
"162","KLF4",2.788122842,"9314"
"163","GON7",2.779512246,"84520"
"164","PRKAB2",2.778357154,"5565"
"165","LYRM2",2.776027966,"57226"
"166","STARD10",2.77153434,"10809"
"167","ADAMTS1",2.760684189,"9510"
"168","PCYOX1",2.758152565,"51449"
"169","RASL11A",2.756884332,"387496"
"170","NPPB",2.755836311,"4879"
"171","AP1AR",2.74800675,"55435"
"172","CD46",2.746567302,"4179"
"173","H2BC7",2.741738368,"8343"
"174","GTF2H2",2.741310764,"2966"
"175","P2RX4",2.738792659,"5025"
"176","FXYD3",2.73524878,"5349"
"177","PPP1R16A",2.734155672,"84988"
"178","H2BC5",2.707953992,"3017"
"179","ABHD15",2.706075273,"116236"
"180","TMCO3",2.70583231,"55002"
"181","NUDT6",2.693018669,"11162"
"182","SWAP70",2.689872534,"23075"
"183","KDM6A",2.68746835,"7403"
"184","ZNF675",2.687307631,"171392"
"185","SPP1",2.685500675,"6696"
"186","TRIM31",2.677858979,"11074"
"187","LYPD6B",2.663703067,"130576"
"188","CSTF1",2.662291762,"1477"
"189","LYPLA1",2.660319703,"10434"
"190","HNF4G",2.658723135,"3174"
"191","TNFAIP8",2.655261584,"25816"
"192","ABCB1",2.643302093,"5243"
"193","GBP3",2.636645065,"2635"
"194","PYCR2",2.635739548,"29920"
"195","ANXA1",2.634859342,"301"
"196","ACSM2A",2.632062031,"123876"
"197","ACSM2B",2.632062031,"348158"
"198","C2CD4A",2.622541197,"145741"
"199","PCK1",2.614769918,"5105"
"200","ORMDL1",2.610393219,"94101"
"201","AP2S1",2.608057893,"1175"
"202","USP10",2.599651747,"9100"
"203","PLEKHA2",2.594236074,"59339"
"204","MKLN1",2.585354524,"4289"
"205","MED10",2.582441763,"84246"
"206","SCGN",2.580285687,"10590"
"207","SORL1",2.579037054,"6653"
"208","MINDY3",2.567803181,"80013"
"209","COA8",2.564970314,"84334"
"210","ZNF253",2.563012544,"56242"
"211","DAZAP2",2.562641548,"9802"
"212","CILK1",2.558395928,"22858"
"213","HINT3",2.538552346,"135114"
"214","HNRNPF",2.534205269,"3185"
"215","PPP3R1",2.529339374,"5534"
"216","COP1",2.528040801,"64326"
"217","SPTLC1",2.524353761,"10558"
"218","PXK",2.524064437,"54899"
"219","OAS1",2.523844953,"4938"
"220","ENPP5",2.51918959,"59084"
"221","PHF23",2.510945887,"79142"
"222","CD55",2.505672856,"1604"
"223","SLC44A3",2.50343212,"126969"
"224","FYTTD1",2.502620356,"84248"
"225","MDK",2.49874557,"4192"
"226","LIPG",2.491413545,"9388"
"227","XPO7",2.488962767,"23039"
"228","PSMD10",2.487074406,"5716"
"229","WDFY1",2.48565946,"57590"
"230","C8orf88",2.484306415,"100127983"
"231","MYC",2.470039082,"4609"
"232","RORA",2.468989061,"6095"
"233","FZD3",2.461641813,"7976"
"234","YWHAH",2.458314778,"7533"
"235","BIVM",2.456389995,"54841"
"236","ABCF2",2.451159987,"10061"
"237","PIK3CA",2.449383568,"5290"
"238","TK1",2.447046584,"7083"
"239","KCTD3",2.441193302,"51133"
"240","CEP63",2.44000563,"80254"
"241","TNFRSF10A",2.437538355,"8797"
"242","PRSS23",2.434897939,"11098"
"243","IPO11",2.433754604,"51194"
"244","EXOSC4",2.432209239,"54512"
"245","CASK",2.431218792,"8573"
"246","NUS1",2.431149478,"116150"
"247","PLA2G12B",2.428660043,"84647"
"248","FOLH1",2.421614712,"2346"
"249","MRPL38",2.414289913,"64978"
"250","ANXA13",2.411489373,"312"
"251","LAMB1",2.41089297,"3912"
"252","SRSF1",2.409475586,"6426"
"253","CUL1",2.408590404,"8454"
"254","ITPR2",2.408150312,"3709"
"255","FBLN5",2.405214593,"10516"
"256","TFCP2",2.397745153,"7024"
"257","CDK11A",2.395587624,"728642"
"258","CDK11B",2.395587624,"984"
"259","RAB34",2.394513916,"83871"
"260","SCO1",2.391155978,"6341"
"261","OSTF1",2.388500838,"26578"
"262","CMAS",2.387067149,"55907"
"263","ATP6AP2",2.381016807,"10159"
"264","TAOK3",2.380048682,"51347"
"265","CCDC124",2.379714935,"115098"
"266","NOP56",2.379673201,"10528"
"267","ST20-MTHFS",2.377877191,"100528021"
"268","MTHFS",2.377877191,"10588"
"269","UTP23",2.376505547,"84294"
"270","TXNIP",2.37099898,"10628"
"271","CDK1",2.368892615,"983"
"272","CDKN3",2.365456641,"1033"
"273","N4BP2L1",2.363574736,"90634"
"274","FLII",2.362058261,"2314"
"275","GLUD1",2.361150259,"2746"
"276","REG1A",2.35970977,"5967"
"277","SMIM15",2.35933724,"643155"
"278","RSPRY1",2.357172204,"89970"
"279","TM4SF4",2.356450321,"7104"
"280","CPM",2.355375789,"1368"
"281","HHEX",2.35206282,"3087"
"282","UGCG",2.342581069,"7357"
"283","KLHL24",2.339621228,"54800"
"284","SLC35E1",2.339330361,"79939"
"285","NR5A2",2.336677589,"2494"
"286","RDX",2.327632766,"5962"
"287","CREBRF",2.326666039,"153222"
"288","SPATC1L",2.324566176,"84221"
"289","CBR1",2.320761001,"873"
"290","GUCY2C",2.317369667,"2984"
"291","THEM4",2.314488575,"117145"
"292","GIPC2",2.314028685,"54810"
"293","CDKN2AIP",2.309233385,"55602"
"294","CTSO",2.305481078,"1519"
"295","DNAAF2",2.305418253,"55172"
"296","CERT1",2.302423682,"10087"
"297","SCP2",2.301244819,"6342"
"298","S100A14",2.300514451,"57402"
"299","SLC35G1",2.299240951,"159371"
"300","TIMP4",2.291995733,"7079"
"301","TNRC6B",2.288544224,"23112"
"302","CD9",2.282850142,"928"
"303","ITPR1",2.282699184,"3708"
"304","CAPRIN1",2.278116749,"4076"
"305","NUP205",2.276039965,"23165"
"306","F2RL1",2.273713443,"2150"
"307","ILF3-DT",2.271092842,"147727"
"308","CCNL1",2.264148583,"57018"
"309","ARL2BP",2.263909795,"23568"
"310","DLD",2.263706965,"1738"
"311","EPCAM",2.262216195,"4072"
"312","POLD4",2.256602282,"57804"
"313","GATC",2.256045455,"283459"
"314","NOX1",2.254111469,"27035"
"315","PACRGL",2.25395909,"133015"
"316","DNAJC10",2.251713939,"54431"
"317","RIDA",2.251075366,"10247"
"318","ASF1A",2.250235288,"25842"
"319","MAP4K5",2.249702358,"11183"
"320","CAB39",2.248723925,"51719"
"321","CHMP1B",2.246454745,"57132"
"322","PRPF18",2.244978362,"8559"
"323","LRRN1",2.244528088,"57633"
"324","UGT8",2.244377248,"7368"
"325","CLN5",2.242299099,"1203"
"326","TRAPPC11",2.239938123,"60684"
"327","TLR2",2.238996477,"7097"
"328","ACSM3",2.233397361,"6296"
"329","DCTD",2.232995174,"1635"
"330","ENPP4",2.230777813,"22875"
"331","CSGALNACT2",2.227938467,"55454"
"332","SLC26A3",2.2237056,"1811"
"333","AGR2",2.22273828,"10551"
"334","KIF18A",2.222502721,"81930"
"335","ARFRP1",2.222047565,"10139"
"336","NT5C3A",2.219374608,"51251"
"337","NR1D2",2.215513075,"9975"
"338","CYB5R3",2.208781345,"1727"
"339","BMPR1A",2.207568753,"657"
"340","EPHX2",2.201837242,"2053"
"341","H2BC10",2.197429421,"8346"
"342","ARPC1A",2.196800249,"10552"
"343","FBLN1",2.196365706,"2192"
"344","ALDH1A1",2.195472943,"216"
"345","CCDC91",2.192200809,"55297"
"346","MARVELD3",2.188892799,"91862"
"347","PTPN12",2.188773571,"5782"
"348","IL1RAP",2.18813318,"3556"
"349","BRCC3",2.185472817,"79184"
"350","RBM47",2.184711282,"54502"
"351","DENR",2.183987618,"8562"
"352","SCAND1",2.183126343,"51282"
"353","CYBA",2.182513329,"1535"
"354","PLAC8",2.177099651,"51316"
"355","PSMF1",2.176731558,"9491"
"356","TM4SF5",2.17634206,"9032"
"357","RUFY1",2.175152071,"80230"
"358","IGFBP3",2.173685848,"3486"
"359","RRM1",2.173093687,"6240"
"360","CTBS",2.171158101,"1486"
"361","ERO1A",2.167842478,"30001"
"362","TCEAL8",2.162036497,"90843"
"363","CLN3",2.159258185,"1201"
"364","BMP4",2.158862715,"652"
"365","ZNF644",2.158839516,"84146"
"366","CHMP2B",2.158386781,"25978"
"367","RMND1",2.156692746,"55005"
"368","ABCC4",2.15536819,"10257"
"369","MPV17",2.150211157,"4358"
"370","PLEKHF2",2.148819422,"79666"
"371","SRSF5",2.14772821,"6430"
"372","MSH2",2.146423985,"4436"
"373","GTF2H1",2.144539708,"2965"
"374","GNPDA2",2.14434966,"132789"
"375","IDNK",2.142212879,"414328"
"376","SEC24A",2.141392792,"10802"
"377","RRAS",2.138315223,"6237"
"378","FIP1L1",2.137862852,"81608"
"379","VLDLR",2.137818365,"7436"
"380","MFN1",2.135424683,"55669"
"381","REG3A",2.130460358,"5068"
"382","LRCH1",2.128187999,"23143"
"383","CPNE8",2.127876678,"144402"
"384","CDK2",2.127779562,"1017"
"385","VRK3",2.12537525,"51231"
"386","SENP2",2.123082684,"59343"
"387","RSL1D1",2.120337192,"26156"
"388","CPNE3",2.120128334,"8895"
"389","GIN1",2.1179295,"54826"
"390","TSPAN12",2.117724653,"23554"
"391","SPATA7",2.116618797,"55812"
"392","GALK1",2.115329692,"2584"
"393","C15orf48",2.114255502,"84419"
"394","CENPL",2.11283737,"91687"
"395","DCAF6",2.112401649,"55827"
"396","SEL1L3",2.11233809,"23231"
"397","PRR15",2.110398543,"222171"
"398","AGPAT2",2.110092388,"10555"
"399","GADD45A",2.109169256,"1647"
"400","PKIB",2.1083583,"5570"
"401","IFT74",2.100766676,"80173"
"402","UTP11",2.100227452,"51118"
"403","EPC1",2.098907531,"80314"
"404","LINC00339",2.094767292,"29092"
"405","PLA1A",2.094445178,"51365"
"406","RHOU",2.094097349,"58480"
"407","USE1",2.093961888,"55850"
"408","ACE2",2.093745713,"59272"
"409","ATP6V1B2",2.092564033,"526"
"410","OTULINL",2.086238014,"54491"
"411","RTCA",2.086194245,"8634"
"412","ELF1",2.08593482,"1997"
"413","MAP1LC3B",2.083103123,"81631"
"414","GBA2",2.082969435,"57704"
"415","PLEKHG1",2.077833275,"57480"
"416","PCGF6",2.077201087,"84108"
"417","NIPSNAP2",2.073525748,"2631"
"418","LTBP3",2.070065068,"4054"
"419","RALGAPA2",2.069797623,"57186"
"420","NPW",2.069619645,"283869"
"421","ZNF684",2.067919386,"127396"
"422","RSRC1",2.066625915,"51319"
"423","YEATS4",2.065071122,"8089"
"424","SERPIND1",2.061571977,"3053"
"425","IGBP1",2.060781266,"3476"
"426","SNX5",2.05939348,"27131"
"427","TMEM38B",2.056490587,"55151"
"428","C16orf87",2.05598751,"388272"
"429","CNN3",2.055524664,"1266"
"430","CIDEC",2.054771855,"63924"
"431","PMM1",2.053981187,"5372"
"432","HAVCR1",2.052217723,"26762"
"433","BCKDHB",2.051696538,"594"
"434","DLAT",2.045141952,"1737"
"435","PSMA3-AS1",2.043655719,"379025"
"436","GLOD4",2.040613021,"51031"
"437","TMF1",2.039092289,"7110"
"438","MRPL34",2.038574087,"64981"
"439","ABCA5",2.037840581,"23461"
"440","LRP12",2.035828616,"29967"
"441","ATP6V0D1",2.035673171,"9114"
"442","HEATR3",2.03509719,"55027"
"443","RAD50",2.033941501,"10111"
"444","PJA2",2.031920283,"9867"
"445","TAF9",2.031212506,"6880"
"446","MFF",2.0311162,"56947"
"447","UGT2A3",2.029204442,"79799"
"448","AGO2",2.028248064,"27161"
"449","RBM7",2.026258933,"10179"
"450","DDX39B",2.022636878,"7919"
"451","CLTRN",2.022021932,"57393"
"452","PROX1",2.021378017,"5629"
"453","ICAM2",2.019923892,"3384"
"454","UNC93A",2.01746751,"54346"
"455","ARL6",2.017158057,"84100"
"456","ID3",2.016560149,"3399"
"457","NFYA",2.01526902,"4800"
"458","SDHD",2.013364544,"6392"
"459","PA2G4",2.012202721,"5036"
"460","PEX2",2.01100517,"5828"
"461","VIM",2.007545669,"7431"
"462","GDPD1",2.00706689,"284161"
"463","VNN2",2.004643116,"8875"
"464","MRPS12",2.003248323,"6183"
"465","BNIP3L",2.000045294,"665"
"466","ASCC3",1.998519942,"10973"
"467","ADGRD1",1.996262995,"283383"
"468","TMEM45B",1.994948833,"120224"
"469","EDN1",1.994559486,"1906"
"470","VMP1",1.99247478,"81671"
"471","LSM12",1.991110773,"124801"
"472","LIN9",1.990347731,"286826"
"473","SDCBP2",1.99026288,"27111"
"474","CYBRD1",1.989276412,"79901"
"475","CDK7",1.989196625,"1022"
"476","C8orf44-SGK3",1.987932436,"100533105"
"477","SGK3",1.987932436,"23678"
"478","SYNJ2BP",1.987404059,"55333"
"479","CDK9",1.986456408,"1025"
"480","GMCL1",1.985201815,"64395"
"481","VPS25",1.985059001,"84313"
"482","CYP2C8",1.984128648,"1558"
"483","SHMT2",1.981356542,"6472"
"484","RMC1",1.980004089,"29919"
"485","PTPMT1",1.979050925,"114971"
"486","TDP1",1.975817468,"55775"
"487","RTF2",1.975544999,"51507"
"488","EGFLAM",1.975170455,"133584"
"489","ATG3",1.97103117,"64422"
"490","ZNF91",1.971012963,"7644"
"491","IMMP1L",1.965781952,"196294"
"492","ALDH3A2",1.965596728,"224"
"493","DRAP1",1.965098275,"10589"
"494","COMMD1",1.963369664,"150684"
"495","UCP1",1.961696249,"7350"
"496","BEND7",1.957961198,"222389"
"497","SLC51A",1.957184405,"200931"
"498","SNRPB",1.95647582,"6628"
"499","AKTIP",1.955207157,"64400"
"500","NDUFAF5",1.953278704,"79133"
"501","HES4",1.953035224,"57801"
"502","MLH3",1.951093757,"27030"
"503","PLA2G10",1.947657637,"8399"
"504","LRIG3",1.946992789,"121227"
"505","PPP1R2",1.946852138,"5504"
"506","TSPAN6",1.942789653,"7105"
"507","ANKRD13C",1.942279804,"81573"
"508","DDHD1",1.940380289,"80821"
"509","SLC33A1",1.940056088,"9197"
"510","ELOA-AS1",1.939378208,"100506963"
"511","EP300",1.936578244,"2033"
"512","FUCA2",1.934730483,"2519"
"513","EBPL",1.934599457,"84650"
"514","CUL4B",1.932097513,"8450"
"515","MRPS18A",1.926738697,"55168"
"516","ODAM",1.923034653,"54959"
"517","MIR3142HG",1.922488537,"107075116"
"518","ISOC2",1.918966689,"79763"
"519","HIKESHI",1.918072912,"51501"
"520","NCAPG",1.915030909,"64151"
"521","COPS5",1.914564799,"10987"
"522","PPIL4",1.914463993,"85313"
"523","SSR3",1.910512787,"6747"
"524","CNST",1.910202188,"163882"
"525","MED13L",1.909536008,"23389"
"526","GPX7",1.909077306,"2882"
"527","SRFBP1",1.908856769,"153443"
"528","BAG2",1.907249586,"9532"
"529","MSH3",1.905947383,"4437"
"530","RIT1",1.904845913,"6016"
"531","PSMB9",1.904665351,"5698"
"532","PLEKHA7",1.900154556,"144100"
"533","CLDN1",1.899678448,"9076"
"534","NEU1",1.898835601,"4758"
"535","EPHX4",1.898419588,"253152"
"536","ZNF19",1.898144959,"7567"
"537","SLC27A2",1.897823796,"11001"
"538","RNF13",1.89720057,"11342"
"539","CD58",1.896779007,"965"
"540","TTC14",1.892330011,"151613"
"541","ULBP2",1.892159943,"80328"
"542","GDF15",1.890864866,"9518"
"543","IPMK",1.888174351,"253430"
"544","PCF11",1.886779695,"51585"
"545","GAPDH",1.886213308,"2597"
"546","FAM200A",1.885658645,"221786"
"547","RRN3",1.881764147,"54700"
"548","NDUFAF7",1.881288018,"55471"
"549","DHPS",1.881264134,"1725"
"550","PPP2R3A",1.880398561,"5523"
"551","INSIG2",1.877068575,"51141"
"552","SLC41A2",1.874885139,"84102"
"553","ANKIB1",1.873516872,"54467"
"554","TBC1D23",1.871598224,"55773"
"555","KDM4C",1.870484892,"23081"
"556","AADAC",1.868139499,"13"
"557","NPC1",1.868123404,"4864"
"558","TBC1D3P1-DHX40P1",1.868098635,"653645"
"559","EIF3I",1.866876096,"8668"
"560","SEC63",1.866535706,"11231"
"561","KMT5A",1.865864242,"387893"
"562","LRRC34",1.863334722,"151827"
"563","ITGA2",1.860605049,"3673"
"564","FAM169A",1.86040467,"26049"
"565","CA2",1.859370255,"760"
"566","CDC37L1",1.856353399,"55664"
"567","RPL39L",1.854950582,"116832"
"568","PPCS",1.851655888,"79717"
"569","BEX4",1.848341144,"56271"
"570","MFSD11",1.848022818,"79157"
"571","AKIP1",1.847733306,"56672"
"572","GNG11",1.846226371,"2791"
"573","LURAP1L",1.846010893,"286343"
"574","CPEB3",1.84158232,"22849"
"575","FGD6",1.840946314,"55785"
"576","CLEC2B",1.839326212,"9976"
"577","UBE2M",1.8377284,"9040"
"578","TTC32",1.835753256,"130502"
"579","LMBRD1",1.832343555,"55788"
"580","SLC11A2",1.828374833,"4891"
"581","RRAGD",1.828239073,"58528"
"582","ACAD8",1.825714678,"27034"
"583","TIMM17B",1.825555197,"10245"
"584","ARID4A",1.825474176,"5926"
"585","TMEM176B",1.823634822,"28959"
"586","ANG",1.8223721,"283"
"587","GBP2",1.819676135,"2634"
"588","KRT8",1.819449585,"3856"
"589","BMS1P1",1.819414818,"399761"
"590","LRIF1",1.819029211,"55791"
"591","FBXO45",1.81639399,"200933"
"592","MND1",1.816219376,"84057"
"593","PIGH",1.815484228,"5283"
"594","ETFDH",1.815408712,"2110"
"595","ACSL5",1.814416012,"51703"
"596","TSPAN8",1.814393376,"7103"
"597","SMYD3",1.8123629,"64754"
"598","NFKB1",1.81163087,"4790"
"599","NOSTRIN",1.811527338,"115677"
"600","IL32",1.810902247,"9235"
"601","CYB5R4",1.810622088,"51167"
"602","ZNF7",1.810470493,"7553"
"603","AASS",1.809905644,"10157"
"604","ZNF273",1.809070377,"10793"
"605","PINX1",1.80716535,"54984"
"606","TOR4A",1.805366943,"54863"
"607","IL18",1.805090288,"3606"
"608","WARS2",1.804674911,"10352"
"609","ADA",1.804546346,"100"
"610","AOX1",1.8038225,"316"
"611","SPDL1",1.799493262,"54908"
"612","GINM1",1.797866433,"116254"
"613","NEK2",1.79727254,"4751"
"614","CASD1",1.796985216,"64921"
"615","RAD1",1.796893116,"5810"
"616","PIP4P2",1.795056322,"55529"
"617","ATRN",1.795047724,"8455"
"618","ELF2",1.792509,"1998"
"619","ERMP1",1.79183191,"79956"
"620","TLK1",1.78992794,"9874"
"621","C5orf22",1.789726278,"55322"
"622","ZFP91",1.78842541,"80829"
"623","RAB5C",1.788121573,"5878"
"624","CIAO1",1.787915888,"9391"
"625","DPY19L1",1.787114458,"23333"
"626","TEX264",1.786932253,"51368"
"627","SATB2",1.786893148,"23314"
"628","IFITM1",1.786706736,"8519"
"629","VSNL1",1.783528634,"7447"
"630","THAP6",1.782358449,"152815"
"631","STK16",1.781718335,"8576"
"632","WDR45",1.780172762,"11152"
"633","NFKBIL1",1.779367856,"4795"
"634","SMARCA5",1.777959806,"8467"
"635","TIMM8B",1.775648475,"26521"
"636","GPS2",1.772086031,"2874"
"637","BET1",1.771555616,"10282"
"638","VPS28",1.771116054,"51160"
"639","MACO1",1.77109477,"55219"
"640","TMEM92",1.770609468,"162461"
"641","PRORSD1P",1.768322905,"344405"
"642","FARSA",1.767614616,"2193"
"643","PPIP5K1",1.767172133,"9677"
"644","PPP1R3D",1.766707761,"5509"
"645","ACBD5",1.766112779,"91452"
"646","UCHL3",1.764272181,"7347"
"647","C6orf62",1.764270082,"81688"
"648","TMSB4X",1.763857427,"7114"
"649","JCAD",1.760885878,"57608"
"650","PRKAG2",1.760777652,"51422"
"651","OBI1",1.760692587,"79596"
"652","EIF5A2",1.759021393,"56648"
"653","LPAR3",1.75787366,"23566"
"654","ZBED4",1.757847917,"9889"
"655","SPX",1.757797785,"80763"
"656","DBR1",1.756294111,"51163"
"657","TMEM181",1.756276486,"57583"
"658","CDKAL1",1.755413779,"54901"
"659","AP1S2",1.753334871,"8905"
"660","TRIP11",1.753092293,"9321"
"661","PIP5K1B",1.752975265,"8395"
"662","DCBLD1",1.75209043,"285761"
"663","FAM161A",1.751969416,"84140"
"664","DNAJB11",1.751343048,"51726"
"665","RPGR",1.749621246,"6103"
"666","EPDR1",1.749231646,"54749"
"667","UBE2S",1.746950331,"27338"
"668","QRSL1",1.745949634,"55278"
"669","ADORA2B",1.743401845,"136"
"670","YWHAE",1.742252615,"7531"
"671","PARD3",1.741681515,"56288"
"672","SNRNP40",1.741283606,"9410"
"673","TRHDE",1.741060334,"29953"
"674","C2orf49",1.738263969,"79074"
"675","MOXD1",1.737610411,"26002"
"676","ABHD17B",1.735861991,"51104"
"677","CHRNA5",1.735817473,"1138"
"678","MAP2K4",1.734116956,"6416"
"679","DNAJA2",1.732488029,"10294"
"680","GAS2L3",1.731718194,"283431"
"681","STYXL1",1.729989275,"51657"
"682","TTLL7",1.728536696,"79739"
"683","POLR3C",1.728123226,"10623"
"684","KRBOX4",1.725990067,"55634"
"685","GCFC2",1.725968645,"6936"
"686","RSL24D1",1.72538048,"51187"
"687","GPC6",1.725118332,"10082"
"688","HEATR5B",1.724653125,"54497"
"689","NUDT2",1.723079346,"318"
"690","ABHD5",1.722499787,"51099"
"691","MTRF1",1.721782884,"9617"
"692","C17orf75",1.721254231,"64149"
"693","TRMT11",1.720858441,"60487"
"694","ANO4",1.719164612,"121601"
"695","ZNF608",1.717786685,"57507"
"696","MORN2",1.717306749,"729967"
"697","TUBGCP4",1.716330231,"27229"
"698","FER",1.715050449,"2241"
"699","FRMD3",1.713156875,"257019"
"700","DYNC1LI2",1.712755719,"1783"
"701","RFC2",1.712657106,"5982"
"702","TC2N",1.712626519,"123036"
"703","MOB1A",1.712252713,"55233"
"704","KIF2A",1.710081785,"3796"
"705","TFF2",1.707530596,"7032"
"706","NR2C2",1.707345708,"7182"
"707","ZNF385B",1.706524117,"151126"
"708","NINJ2-AS1",1.706339548,"100049716"
"709","PCCA",1.706074408,"5095"
"710","GLIS3",1.703325708,"169792"
"711","PAXIP1",1.703322549,"22976"
"712","SDCBP2-AS1",1.702170693,"100507495"
"713","SPRED1",1.701541647,"161742"
"714","COLEC12",1.701107964,"81035"
"715","C12orf76",1.700295489,"400073"
"716","NIPSNAP3A",1.699380619,"25934"
"717","RIOX2",1.697114806,"84864"
"718","PRPSAP2",1.696256349,"5636"
"719","IL15",1.695434211,"3600"
"720","ITFG1",1.695039878,"81533"
"721","LRRC37A2",1.690523547,"474170"
"722","LRRC37A",1.690523547,"9884"
"723","H4C15",1.69032884,"554313"
"724","H4C14",1.69032884,"8370"
"725","ODF2L",1.690214404,"57489"
"726","XRCC5",1.689511614,"7520"
"727","FAM162B",1.689501133,"221303"
"728","RGS14",1.687535187,"10636"
"729","SLC3A2",1.686684655,"6520"
"730","RPEL1",1.686299983,"729020"
"731","LGALS14",1.685559761,"56891"
"732","ELOVL7",1.685142044,"79993"
"733","SLC50A1",1.682938199,"55974"
"734","OXA1L",1.682600048,"5018"
"735","GCNT1",1.682387807,"2650"
"736","ACOT2",1.682133188,"10965"
"737","ACOT1",1.682133188,"641371"
"738","CASP6",1.681353276,"839"
"739","BNIP3",1.681273698,"664"
"740","DUSP5",1.680404275,"1847"
"741","CASP3",1.680181066,"836"
"742","TMEM243",1.679664564,"79161"
"743","SCG3",1.6790991,"29106"
"744","FEN1",1.679066928,"2237"
"745","NTS",1.677856878,"4922"
"746","UQCR10",1.677444327,"29796"
"747","CDC40",1.675916226,"51362"
"748","PTH2",1.67589422,"113091"
"749","CLK3",1.674774851,"1198"
"750","TTLL1",1.674026274,"25809"
"751","REL",1.67293478,"5966"
"752","ZNF528",1.672497165,"84436"
"753","SECISBP2",1.672393194,"79048"
"754","VTI1B",1.671195203,"10490"
"755","CENPA",1.670613517,"1058"
"756","SPAG1",1.669961668,"6674"
"757","RAD51C",1.669147667,"5889"
"758","PTS",1.668740806,"5805"
"759","DUS4L",1.66828386,"11062"
"760","HCG11",1.667449877,"493812"
"761","RBP2",1.664284689,"5948"
"762","MFAP2",1.664263176,"4237"
"763","BOLA1",1.6624716,"51027"
"764","KDELR1",1.661749005,"10945"
"765","MRFAP1L1",1.661543461,"114932"
"766","TFF1",1.659273859,"7031"
"767","SORD",1.659101333,"6652"
"768","PRKCD",1.658804702,"5580"
"769","TOR1AIP1",1.657390656,"26092"
"770","TARS2",1.657341215,"80222"
"771","GCLM",1.654967115,"2730"
"772","DMKN",1.65466349,"93099"
"773","AQP3",1.654213619,"360"
"774","POT1",1.653782688,"25913"
"775","TRAPPC6B",1.65343389,"122553"
"776","CYP20A1",1.652526893,"57404"
"777","RAB3B",1.652144754,"5865"
"778","C12orf60",1.651104187,"144608"
"779","IMPACT",1.649626982,"55364"
"780","MNAT1",1.648881882,"4331"
"781","DRAM2",1.648688255,"128338"
"782","TDRD7",1.64857219,"23424"
"783","UGP2",1.648434949,"7360"
"784","ERGIC3",1.647816194,"51614"
"785","PRELID3B",1.646774436,"51012"
"786","HCST",1.64656412,"10870"
"787","DDX50",1.646540452,"79009"
"788","SRI",1.646173154,"6717"
"789","ID4",1.645658431,"3400"
"790","SERINC1",1.644201493,"57515"
"791","METTL2A",1.644191223,"339175"
"792","DHRS4",1.643288785,"10901"
"793","DHRS4L2",1.643288785,"317749"
"794","DHRS4",1.643288785,"10901"
"795","CELSR3",1.643057867,"1951"
"796","AK3",1.64292245,"50808"
"797","VIRMA",1.641694074,"25962"
"798","MED21",1.639945562,"9412"
"799","CLDN7",1.639941603,"1366"
"800","THAP2",1.639705577,"83591"
"801","CXADR",1.639221919,"1525"
"802","AURKB",1.638953257,"9212"
"803","ADAM23",1.638285338,"8745"
"804","PSMA3",1.638064709,"5684"
"805","GPC4",1.637503211,"2239"
"806","MRPL42",1.637432607,"28977"
"807","LRRC31",1.636331487,"79782"
"808","PABIR1",1.633007615,"116224"
"809","FBXO25",1.632937992,"26260"
"810","PLEKHH2",1.632857464,"130271"
"811","CENPH",1.632741601,"64946"
"812","SPTLC3",1.632671255,"55304"
"813","RAB17",1.632491074,"64284"
"814","PGGT1B",1.632022383,"5229"
"815","PTER",1.631585443,"9317"
"816","PRPF38A",1.630160462,"84950"
"817","H1-2",1.630054428,"3006"
"818","RNF19A",1.629281513,"25897"
"819","DCLRE1A",1.628326479,"9937"
"820","ZNF197",1.628088343,"10168"
"821","ZNF197",1.628088343,"10168"
"822","CAMTA2",1.625867127,"23125"
"823","CPEB2",1.624367938,"132864"
"824","ZNF516",1.623942453,"9658"
"825","MAPKAPK5",1.623270455,"8550"
"826","PCCB",1.622848898,"5096"
"827","EMC4",1.622457295,"51234"
"828","NSFL1C",1.622212499,"55968"
"829","GALNT13",1.62085145,"114805"
"830","PEMT",1.62038548,"10400"
"831","ERCC3",1.618190523,"2071"
"832","CDKN2D",1.617500252,"1032"
"833","FLOT1",1.617142015,"10211"
"834","PIGA",1.615189094,"5277"
"835","CCDC115",1.615018177,"84317"
"836","CRYBB2",1.614589404,"1415"
"837","FOS",1.61419002,"2353"
"838","GALR2",1.614135353,"8811"
"839","NTAQ1",1.612699936,"55093"
"840","HLA-DMB",1.612429528,"3109"
"841","BBS2",1.61137321,"583"
"842","CHEK2",1.611025409,"11200"
"843","SH3BGRL2",1.610599155,"83699"
"844","MIF4GD",1.609324426,"57409"
"845","OMA1",1.609215813,"115209"
"846","CRNDE",1.608612593,"643911"
"847","ZDHHC4",1.608107954,"55146"
"848","CAMSAP3",1.608012112,"57662"
"849","PREPL",1.607905057,"9581"
"850","ZNF217",1.607342662,"7764"
"851","TMEM59",1.606515551,"9528"
"852","TFDP1",1.605956635,"7027"
"853","TPK1",1.605854994,"27010"
"854","HPRT1",1.605386057,"3251"
"855","SEC24B",1.603104073,"10427"
"856","ODR4",1.601694351,"54953"
"857","ZNF165",1.601223869,"7718"
"858","PNPLA3",1.600540677,"80339"
"859","ZNF566",1.600524635,"84924"
"860","HABP4",1.600106692,"22927"
"861","PLAC1",1.599315003,"10761"
"862","DCPS",1.59758315,"28960"
"863","AKAP7",1.597281663,"9465"
"864","PCBP1",1.597172631,"5093"
"865","PAG1",1.596394771,"55824"
"866","HOOK3",1.596016155,"84376"
"867","ILF2",1.595491572,"3608"
"868","CLEC2L",1.595397178,"154790"
"869","TMPRSS6",1.594703781,"164656"
"870","ZNF124",1.594378811,"7678"
"871","GPBP1L1",1.592752186,"60313"
"872","SLC1A5",1.592473141,"6510"
"873","CAPNS1",1.592108786,"826"
"874","USP32",1.59192331,"84669"
"875","LIG4",1.590793379,"3981"
"876","POGLUT2",1.589977798,"79070"
"877","INTS13",1.589747186,"55726"
"878","PDCD10",1.588177921,"11235"
"879","SLCO1B3",1.587717889,"28234"
"880","BSG",1.587406992,"682"
"881","MIEN1",1.584720134,"84299"
"882","TP53BP2",1.584442016,"7159"
"883","ERCC4",1.583785467,"2072"
"884","HMGCS2",1.583542391,"3158"
"885","ZFP37",1.581411919,"7539"
"886","FZD5",1.580986982,"7855"
"887","FAM47E-STBD1",1.578946578,"100631383"
"888","STBD1",1.578946578,"8987"
"889","GALNT5",1.578565541,"11227"
"890","ZCCHC9",1.577831146,"84240"
"891","FKBP14",1.573747065,"55033"
"892","STXBP5",1.572988533,"134957"
"893","ZNF195",1.571940159,"7748"
"894","DHRS7",1.57079504,"51635"
"895","PDCL3",1.570621102,"79031"
"896","RAB3C",1.569494044,"115827"
"897","PTPN4",1.569380857,"5775"
"898","SLC35A3",1.567914188,"23443"
"899","NOP53",1.567830808,"29997"
"900","ARL16",1.567679199,"339231"
"901","MOGAT3",1.565246218,"346606"
"902","GHRL",1.565187775,"51738"
"903","PYURF",1.564847151,"100996939"
"904","ACOX2",1.564247326,"8309"
"905","NPC2",1.563720134,"10577"
"906","NDUFS1",1.563199622,"4719"
"907","SULT1A4",1.562652,"445329"
"908","SULT1A3",1.562652,"6818"
"909","BPHL",1.562181476,"670"
"910","PKD2",1.561959215,"5311"
"911","DEPDC7",1.561490257,"91614"
"912","TM7SF2",1.56109321,"7108"
"913","NHEJ1",1.559515742,"79840"
"914","SHCBP1",1.55703882,"79801"
"915","NHLRC3",1.556662588,"387921"
"916","DNPH1",1.555168207,"10591"
"917","TRAF4",1.55333177,"9618"
"918","ZNRF2",1.552604683,"223082"
"919","MAT2A",1.551003068,"4144"
"920","PLCL2",1.549514175,"23228"
"921","TSR1",1.549403256,"55720"
"922","PSMD13",1.549099076,"5719"
"923","RNF183",1.549012577,"138065"
"924","SAMD8",1.548678429,"142891"
"925","ACOT8",1.548486702,"10005"
"926","ITPRID2",1.546989117,"6744"
"927","ASB3",1.546762635,"51130"
"928","ASB3",1.546762635,"51130"
"929","IKBIP",1.54575173,"121457"
"930","TYW1",1.543680753,"55253"
"931","RBBP5",1.543605303,"5929"
"932","MOCS2",1.542130344,"4338"
"933","DCBLD2",1.541994325,"131566"
"934","COMMD3",1.539441081,"23412"
"935","EXT1",1.538962938,"2131"
"936","CGRRF1",1.538625348,"10668"
"937","GSDMB",1.537425744,"55876"
"938","PSMA4",1.5373379,"5685"
"939","VPS29",1.537005286,"51699"
"940","MRPS7",1.535357787,"51081"
"941","AKR1C3",1.5345195,"8644"
"942","FCGRT",1.533612267,"2217"
"943","KAT2B",1.532889722,"8850"
"944","STN1",1.532860388,"79991"
"945","SYBU",1.532693851,"55638"
"946","DPM2",1.532586689,"8818"
"947","RABAC1",1.529862196,"10567"
"948","CD3D",1.528999252,"915"
"949","C18orf32",1.528752271,"497661"
"950","CD59",1.528578993,"966"
"951","OSGEPL1",1.528517882,"64172"
"952","NSMCE2",1.528305019,"286053"
"953","SEC22B",1.528116481,"9554"
"954","MRPL13",1.528050466,"28998"
"955","KIF23",1.527848808,"9493"
"956","TAF1A",1.526930927,"9015"
"957","UCN3",1.526632432,"114131"
"958","KRR1",1.526479384,"11103"
"959","ACVR1",1.526285494,"90"
"960","SLC7A7",1.526170882,"9056"
"961","RNF25",1.526145771,"64320"
"962","WASHC3",1.526136209,"51019"
"963","BAG1",1.524436083,"573"
"964","TMOD3",1.523177083,"29766"
"965","TMOD3",1.523177083,"29766"
"966","ARMCX2",1.522603859,"9823"
"967","GALM",1.522420422,"130589"
"968","SNX6",1.521110886,"58533"
"969","FAM221A",1.519968872,"340277"
"970","TMC7",1.519919963,"79905"
"971","GFPT1",1.519429369,"2673"
"972","OSTM1",1.519318003,"28962"
"973","BLOC1S4",1.51901095,"55330"
"974","PEX12",1.518062785,"5193"
"975","CHGB",1.517810942,"1114"
"976","ZNF780A",1.517560977,"284323"
"977","RAB11FIP3",1.514969234,"9727"
"978","DOCK7",1.514439595,"85440"
"979","LSM14B",1.514335351,"149986"
"980","OXLD1",1.513709432,"339229"
"981","ANO6",1.513554023,"196527"
"982","AP3B1",1.513054072,"8546"
"983","HPN",1.512922877,"3249"
"984","SLAIN1",1.511584311,"122060"
"985","HAT1",1.510939528,"8520"
"986","SCFD1",1.510254103,"23256"
"987","PCMTD2",1.509992399,"55251"
"988","SMIM14",1.509121972,"201895"
"989","SEMA3A",1.50827535,"10371"
"990","SPOPL",1.505742335,"339745"
"991","HEPACAM2",1.504704264,"253012"
"992","FBXL4",1.501165261,"26235"
"993","TMEM60",1.50083283,"85025"
"994","STX10",1.500070783,"8677"
"995","NPNT",1.500052967,"255743"
"996","LINC00173",1.498455923,"100287569"
"997","CBLL1",1.498089854,"79872"
"998","UBR3",1.497556659,"130507"
"999","VAMP4",1.49640325,"8674"
"1000","CAP2",1.496130319,"10486"
"1001","TBCEL",1.495536148,"219899"
"1002","APPL2",1.495395738,"55198"
"1003","PTENP1",1.492630278,"11191"
"1004","SEC11C",1.492482311,"90701"
"1005","NFS1",1.491352069,"9054"
"1006","EIF3M",1.491226328,"10480"
"1007","ETAA1",1.490986012,"54465"
"1008","WDSUB1",1.490966224,"151525"
"1009","FRMD4B",1.490149161,"23150"
"1010","TFG",1.489410356,"10342"
"1011","PDE12",1.489162787,"201626"
"1012","TM6SF2",1.488729795,"53345"
"1013","DCAF16",1.488521819,"54876"
"1014","BPNT1",1.486662654,"10380"
"1015","PLSCR1",1.486243294,"5359"
"1016","BAG4",1.485229652,"9530"
"1017","EEFSEC",1.484917151,"60678"
"1018","NCEH1",1.484443631,"57552"
"1019","USP46",1.484367779,"64854"
"1020","EXOSC5",1.483710444,"56915"
"1021","SNX7",1.483436887,"51375"
"1022","PEX3",1.482670784,"8504"
"1023","SPTY2D1",1.482623548,"144108"
"1024","DNAJC7",1.479709472,"7266"
"1025","GABRG1",1.478889461,"2565"
"1026","ATP23",1.477737356,"91419"
"1027","TMEM176A",1.477643664,"55365"
"1028","FAM3C",1.477444748,"10447"
"1029","CD44",1.474728784,"960"
"1030","FZD6",1.474463299,"8323"
"1031","PSME1",1.474191884,"5720"
"1032","DCTN6",1.474155501,"10671"
"1033","NRBP1",1.474053425,"29959"
"1034","MOB2",1.473317017,"81532"
"1035","ANXA4",1.472700487,"307"
"1036","TIMM50",1.472333633,"92609"
"1037","EXOC2",1.471353947,"55770"
"1038","PEX16",1.471196636,"9409"
"1039","FXN",1.471178126,"2395"
"1040","PARP14",1.470803212,"54625"
"1041","DHX40",1.47026691,"79665"
"1042","NUDT16",1.470186887,"131870"
"1043","TADA1",1.469863889,"117143"
"1044","ARMCX1",1.46963842,"51309"
"1045","FMO4",1.468149321,"2329"
"1046","PNO1",1.468052706,"56902"
"1047","SDHAF4",1.466079037,"135154"
"1048","MAD1L1",1.465063345,"8379"
"1049","CNOT10",1.463799785,"25904"
"1050","RAB21",1.462485924,"23011"
"1051","GPATCH2",1.462474419,"55105"
"1052","EFL1",1.459516801,"79631"
"1053","KDM3A",1.458445658,"55818"
"1054","ELP2",1.457206652,"55250"
"1055","FMOD",1.457034772,"2331"
"1056","ZNF420",1.456990301,"147923"
"1057","WDR89",1.456782898,"112840"
"1058","GET3",1.456395871,"439"
"1059","OAS3",1.456116868,"4940"
"1060","AVL9",1.4555694,"23080"
"1061","PCBD1",1.454851787,"5092"
"1062","PRDX2",1.454600657,"7001"
"1063","NUDT12",1.45434521,"83594"
"1064","NDUFAF3",1.453685462,"25915"
"1065","MCRS1",1.452543461,"10445"
"1066","STK26",1.452211086,"51765"
"1067","RUVBL1",1.450688047,"8607"
"1068","RANBP2",1.449583655,"5903"
"1069","NCAPD2",1.449457424,"9918"
"1070","RETREG1",1.447835983,"54463"
"1071","CEP19",1.446307903,"84984"
"1072","STX4",1.445901135,"6810"
"1073","CYP4F2",1.445176071,"8529"
"1074","PRXL2C",1.444778713,"195827"
"1075","GET1",1.444713328,"7485"
"1076","AIFM1",1.444312148,"9131"
"1077","NARS2",1.444150462,"79731"
"1078","SLC9B2",1.443072396,"133308"
"1079","RFXANK",1.442236716,"8625"
"1080","SNHG7",1.442174983,"84973"
"1081","USP28",1.439814793,"57646"
"1082","ZBED9",1.439668489,"114821"
"1083","CDK5RAP2",1.438911904,"55755"
"1084","SECTM1",1.438334011,"6398"
"1085","LTA4H",1.436777705,"4048"
"1086","RASSF8",1.436704553,"11228"
"1087","GCNT2",1.436442247,"2651"
"1088","PPARG",1.435584027,"5468"
"1089","TNFSF10",1.435543588,"8743"
"1090","TMEM178B",1.435236813,"100507421"
"1091","PPP4C",1.434247546,"5531"
"1092","SART3",1.433663366,"9733"
"1093","XIST",1.432183053,"7503"
"1094","ELAPOR2",1.432170892,"222223"
"1095","CCDC6",1.431300973,"8030"
"1096","HSD17B6",1.431259149,"8630"
"1097","PSMB8",1.43025274,"5696"
"1098","TMEM63A",1.429051691,"9725"
"1099","LEAP2",1.428822274,"116842"
"1100","TGIF1",1.428345422,"7050"
"1101","SIAH2",1.428198397,"6478"
"1102","TM9SF2",1.427384699,"9375"
"1103","RAB9A",1.427009722,"9367"
"1104","PGM2L1",1.42698473,"283209"
"1105","NUDCD2",1.426863237,"134492"
"1106","SHC1",1.426771605,"6464"
"1107","NCKAP5",1.425388774,"344148"
"1108","H2BC21",1.425211011,"8349"
"1109","PFN1",1.424055407,"5216"
"1110","KRT222",1.422843525,"125113"
"1111","FBXO2",1.422050851,"26232"
"1112","LHFPL2",1.421373023,"10184"
"1113","FANCD2",1.421151148,"2177"
"1114","DIO1",1.420806233,"1733"
"1115","RBM11",1.420573748,"54033"
"1116","DUS4L-BCAP29",1.420517789,"115253422"
"1117","BCAP29",1.420517789,"55973"
"1118","CNKSR3",1.420449697,"154043"
"1119","HEBP1",1.419686373,"50865"
"1120","C2orf74",1.419596672,"339804"
"1121","ENPP3",1.41892987,"5169"
"1122","MALT1",1.418852298,"10892"
"1123","KLHL8",1.418772489,"57563"
"1124","STX2",1.418664514,"2054"
"1125","TMEM17",1.417697067,"200728"
"1126","ONECUT1",1.417053654,"3175"
"1127","SUCLG2",1.416902071,"8801"
"1128","FIBIN",1.416860375,"387758"
"1129","ABCD3",1.415123027,"5825"
"1130","ANKRD1",1.413361009,"27063"
"1131","WDR75",1.412954356,"84128"
"1132","RBM3",1.411499515,"5935"
"1133","SIMC1",1.411275049,"375484"
"1134","GLRB",1.411161081,"2743"
"1135","SUPT4H1",1.411050148,"6827"
"1136","CENPQ",1.410950593,"55166"
"1137","SCN4B",1.410007142,"6330"
"1138","PRRC1",1.409927466,"133619"
"1139","ISCA2",1.409407676,"122961"
"1140","HYLS1",1.409100431,"219844"
"1141","TMEM87B",1.408693072,"84910"
"1142","SLC6A17",1.405822765,"388662"
"1143","NMI",1.405753591,"9111"
"1144","MAVS",1.404103222,"57506"
"1145","DYDC2",1.402286428,"84332"
"1146","WASF3",1.401503705,"10810"
"1147","DCXR",1.400888073,"51181"
"1148","PPP3CC",1.399917037,"5533"
"1149","PPP1R8",1.399004038,"5511"
"1150","NFATC2IP",1.39872476,"84901"
"1151","CCDC159",1.398450686,"126075"
"1152","CDC42SE1",1.398250799,"56882"
"1153","TARS3",1.398096676,"123283"
"1154","MIR3917",1.397743846,"100500808"
"1155","HNRNPH3",1.397330051,"3189"
"1156","NETO2",1.397110779,"81831"
"1157","ANKRD37",1.396544814,"353322"
"1158","IL7",1.396258434,"3574"
"1159","TSR3",1.395316465,"115939"
"1160","ZNF559",1.395106448,"84527"
"1161","ECI2",1.394465513,"10455"
"1162","ZBTB25",1.393877339,"7597"
"1163","SLC25A43",1.393826457,"203427"
"1164","VPS26C",1.39375278,"10311"
"1165","HDHD3",1.393308627,"81932"
"1166","LZIC",1.392498905,"84328"
"1167","CCDC43",1.392457745,"124808"
"1168","RINT1",1.391924766,"60561"
"1169","ADGRG6",1.391850204,"57211"
"1170","LRIG2",1.391840663,"9860"
"1171","MBL2",1.391773087,"4153"
"1172","EIF6",1.391447779,"3692"
"1173","MRPL2",1.391420141,"51069"
"1174","IDH3A",1.390751125,"3419"
"1175","MRPL30",1.390237033,"51263"
"1176","DHX29",1.390204971,"54505"
"1177","AREG",1.389041902,"374"
"1178","SMIM10",1.388909187,"644538"
"1179","METTL14",1.388027175,"57721"
"1180","EMC6",1.38798051,"83460"
"1181","MYPN",1.38735478,"84665"
"1182","LRRC58",1.386853336,"116064"
"1183","LAP3",1.386829699,"51056"
"1184","BLMH",1.38650375,"642"
"1185","LCORL",1.385119699,"254251"
"1186","DYRK4",1.38501432,"8798"
"1187","SLC12A2",1.384949798,"6558"
"1188","CITED2",1.384022299,"10370"
"1189","DCAF11",1.38382369,"80344"
"1190","BYSL",1.382824099,"705"
"1191","RPAP3",1.382058433,"79657"
"1192","PMPCA",1.381342868,"23203"
"1193","EIF1AD",1.381026266,"84285"
"1194","PRDM1",1.380461688,"639"
"1195","GASK1B",1.379196128,"51313"
"1196","ARL2",1.37802636,"402"
"1197","ZNF571",1.377619911,"51276"
"1198","KIFAP3",1.377610969,"22920"
"1199","TMEM30B",1.377312974,"161291"
"1200","OTUD1",1.374472414,"220213"
"1201","ZNF140",1.373104515,"7699"
"1202","C11orf58",1.372936665,"10944"
"1203","KIFBP",1.372208207,"26128"
"1204","TMEM131L",1.372127744,"23240"
"1205","ARG1",1.371443019,"383"
"1206","CDK5",1.371283937,"1020"
"1207","PRR7",1.370218865,"80758"
"1208","BABAM1",1.370201485,"29086"
"1209","TMEM260",1.370100434,"54916"
"1210","LINC00869",1.369960221,"57234"
"1211","LINC00869",1.369960221,"57234"
"1212","YIPF4",1.369643468,"84272"
"1213","TEN1",1.369557666,"100134934"
"1214","MLIP",1.369217276,"90523"
"1215","RANBP1",1.368713167,"5902"
"1216","NFE2L2",1.368273598,"4780"
"1217","KLB",1.367995009,"152831"
"1218","SERPINB6",1.367697713,"5269"
"1219","RAB39B",1.367458131,"116442"
"1220","EDEM1",1.365254221,"9695"
"1221","HFM1",1.365161062,"164045"
"1222","MCUB",1.363597383,"55013"
"1223","TTTY11",1.363298308,"83866"
"1224","RPS27L",1.361909926,"51065"
"1225","TBC1D32",1.361804488,"221322"
"1226","FBXL2",1.361600696,"25827"
"1227","FZD7",1.361592188,"8324"
"1228","ZG16",1.361062129,"653808"
"1229","C8orf74",1.360651409,"203076"
"1230","RALGPS2",1.358149737,"55103"
"1231","DOCK1",1.358132415,"1793"
"1232","CTR9",1.357724705,"9646"
"1233","POLR2K",1.355602814,"5440"
"1234","SF3B6",1.35545555,"51639"
"1235","LYSMD2",1.354167591,"256586"
"1236","MITD1",1.353669568,"129531"
"1237","NDUFV3",1.353482056,"4731"
"1238","LINC00324",1.352629582,"284029"
"1239","TGIF2-RAB5IF",1.35183177,"100527943"
"1240","GPS1",1.351711986,"2873"
"1241","WWC2",1.351654636,"80014"
"1242","CWF19L1",1.351529428,"55280"
"1243","NBPF10",1.350862636,"100132406"
"1244","NBPF20",1.350862636,"100288142"
"1245","NBPF19",1.350862636,"101060226"
"1246","NBPF14",1.350862636,"25832"
"1247","NBPF8",1.350862636,"728841"
"1248","UTP4",1.350740895,"84916"
"1249","ORM1",1.350229534,"5004"
"1250","TRMT61B",1.349732713,"55006"
"1251","RNH1",1.349451443,"6050"
"1252","ULK1",1.34929441,"8408"
"1253","CDA",1.349045578,"978"
"1254","HEATR6",1.348752541,"63897"
"1255","PIAS2",1.348508939,"9063"
"1256","PIPOX",1.347577973,"51268"
"1257","FGD4",1.347222795,"121512"
"1258","GABPA",1.347110282,"2551"
"1259","BCL2L14",1.346960821,"79370"
"1260","UHRF2",1.346509409,"115426"
"1261","GPHN",1.345846968,"10243"
"1262","RAD54B",1.345743684,"25788"
"1263","LINC02790",1.345733488,"102723661"
"1264","ZNF567",1.345721095,"163081"
"1265","NGLY1",1.345112636,"55768"
"1266","TLCD4",1.343067292,"148534"
"1267","OXNAD1",1.342818918,"92106"
"1268","SMPDL3A",1.342713968,"10924"
"1269","IGF2",1.342650542,"3481"
"1270","INS-IGF2",1.342650542,"723961"
"1271","GCNT3",1.342524689,"9245"
"1272","RBBP7",1.342424396,"5931"
"1273","CCNDBP1",1.342128997,"23582"
"1274","ASH2L",1.341773741,"9070"
"1275","TFB2M",1.341732357,"64216"
"1276","ANKLE1",1.341194166,"126549"
"1277","SBF2-AS1",1.339512706,"283104"
"1278","BAD",1.339262083,"572"
"1279","PLAAT4",1.339014066,"5920"
"1280","LSM10",1.338519852,"84967"
"1281","TMEM131",1.337401331,"23505"
"1282","GPRC5D-AS1",1.337334042,"100506314"
"1283","CTTNBP2NL",1.337192715,"55917"
"1284","SKP2",1.336785911,"6502"
"1285","LPCAT1",1.336532149,"79888"
"1286","TDO2",1.336041414,"6999"
"1287","EBP",1.335796051,"10682"
"1288","ANKRD17",1.335592193,"26057"
"1289","IGFBP1",1.333905727,"3484"
"1290","C14orf119",1.332908575,"55017"
"1291","MPHOSPH10",1.332856827,"10199"
"1292","AMZ2",1.33278873,"51321"
"1293","TXNDC16",1.332441655,"57544"
"1294","NCKAP1L",1.332174666,"3071"
"1295","AKR7A2",1.331942448,"8574"
"1296","CMTM8",1.331406223,"152189"
"1297","IFT43",1.330646923,"112752"
"1298","RNF213",1.330630343,"57674"
"1299","SDHAF3",1.330468521,"57001"
"1300","ABHD14A-ACY1",1.330075137,"100526760"
"1301","ACY1",1.330075137,"95"
"1302","LITAF",1.329233639,"9516"
"1303","PITRM1",1.328220318,"10531"
"1304","CLIC4",1.327889745,"25932"
"1305","CD151",1.327323129,"977"
"1306","LINC02401",1.326729297,"101929084"
"1307","RAB32",1.325820215,"10981"
"1308","SMC6",1.325777931,"79677"
"1309","CTSA",1.325259194,"5476"
"1310","CNGA1",1.324983291,"1259"
"1311","IFT46",1.324882175,"56912"
"1312","SMAD5",1.324594255,"4090"
"1313","TNFRSF12A",1.324462261,"51330"
"1314","MPDZ",1.324350014,"8777"
"1315","MIDEAS",1.32424112,"91748"
"1316","SHFL",1.323812029,"55337"
"1317","BICRAL",1.323670297,"23506"
"1318","MYORG",1.323295256,"57462"
"1319","POP5",1.323087077,"51367"
"1320","PCDHB8",1.322285566,"56128"
"1321","NDC1",1.321480778,"55706"
"1322","CA13",1.321095123,"377677"
"1323","NAA20",1.319743114,"51126"
"1324","TMEM167B",1.318613304,"56900"
"1325","C18orf21",1.318514691,"83608"
"1326","MFAP3",1.318457527,"4238"
"1327","ARHGAP12",1.318385077,"94134"
"1328","FAXC",1.318351342,"84553"
"1329","HSCB",1.318269828,"150274"
"1330","CLPTM1L",1.316412828,"81037"
"1331","ADSS2",1.31634809,"159"
"1332","TRIB1",1.315542901,"10221"
"1333","PAFAH2",1.314708694,"5051"
"1334","FKBP4",1.313197306,"2288"
"1335","GPX2",1.311053065,"2877"
"1336","TRAPPC8",1.311040884,"22878"
"1337","DYM",1.31006426,"54808"
"1338","CALCB",1.309902546,"797"
"1339","ARFIP1",1.309636403,"27236"
"1340","WASF2",1.309244967,"10163"
"1341","PHF2",1.308559196,"5253"
"1342","MMGT1",1.308520843,"93380"
"1343","CNBP",1.308123048,"7555"
"1344","BIRC6",1.307657613,"57448"
"1345","CRISPLD1",1.307171857,"83690"
"1346","TRAPPC10",1.303413304,"7109"
"1347","IMMT",1.302305126,"10989"
"1348","DDX43",1.302124406,"55510"
"1349","SH3BGR",1.300881621,"6450"
"1350","FAM133B",1.300732098,"257415"
"1351","H2AC18",1.299533429,"8337"
"1352","ZNF83",1.299459959,"55769"
"1353","MRPL48",1.299334611,"51642"
"1354","C7orf31",1.299061341,"136895"
"1355","THAP1",1.298635078,"55145"
"1356","ZNF514",1.298482717,"84874"
"1357","VDAC2",1.297304563,"7417"
"1358","JPT2",1.297003294,"90861"
"1359","FMO5",1.296944236,"2330"
"1360","ZNF682",1.296848777,"91120"
"1361","SYNGR2",1.296540555,"9144"
"1362","SYN3",1.296207369,"8224"
"1363","OSGEP",1.295196861,"55644"
"1364","TUBD1",1.294962921,"51174"
"1365","SELENOS",1.294914637,"55829"
"1366","AGAP1",1.294876956,"116987"
"1367","FIS1",1.294536186,"51024"
"1368","ELF3",1.293279125,"1999"
"1369","DCAF4L1",1.293189328,"285429"
"1370","KIAA1549",1.293139062,"57670"
"1371","SLC25A39",1.293076258,"51629"
"1372","UBE2L6",1.293011416,"9246"
"1373","MAGI2-AS3",1.292544273,"100505881"
"1374","SUN5",1.291881551,"140732"
"1375","SNX10",1.29097793,"29887"
"1376","NPY",1.290821507,"4852"
"1377","ATP6V1F",1.290314673,"9296"
"1378","ME1",1.289238708,"4199"
"1379","PLCG1",1.288891991,"5335"
"1380","ZIC2",1.288563751,"7546"
"1381","BRMS1L",1.288328321,"84312"
"1382","LIPA",1.28825856,"3988"
"1383","PPP2R5A",1.288013884,"5525"
"1384","AKT1S1",1.28801074,"84335"
"1385","APOA1",1.287648798,"335"
"1386","RPF1",1.287373465,"80135"
"1387","U2AF2",1.287364517,"11338"
"1388","PRPF39",1.287062407,"55015"
"1389","TMEM183A",1.286039822,"92703"
"1390","RBMS2",1.285410279,"5939"
"1391","POLR1C",1.285187487,"9533"
"1392","CYP2J2",1.28495875,"1573"
"1393","RHOB",1.284874125,"388"
"1394","POLA1",1.284800602,"5422"
"1395","MIPEP",1.284502688,"4285"
"1396","ZFP82",1.283579415,"284406"
"1397","UBE2T",1.282966386,"29089"
"1398","LCMT1",1.282235604,"51451"
"1399","MESP1",1.282001975,"55897"
"1400","KRT23",1.281927753,"25984"
"1401","ANAPC1",1.281382478,"64682"
"1402","NEDD4",1.280373422,"4734"
"1403","DENND4C",1.27998659,"55667"
"1404","PSMD1",1.279383433,"5707"
"1405","C1QTNF3",1.278709356,"114899"
"1406","EVA1A",1.278618578,"84141"
"1407","ATPSCKMT",1.276595169,"134145"
"1408","TOM1L1",1.276594927,"10040"
"1409","EIF2A",1.276475645,"83939"
"1410","NME7",1.275661663,"29922"
"1411","ARMT1",1.275224033,"79624"
"1412","STK19",1.275105585,"8859"
"1413","PON3",1.27441346,"5446"
"1414","S100A9",1.27404342,"6280"
"1415","PCDHB18P",1.273487085,"54660"
"1416","LINC00261",1.272925182,"140828"
"1417","MAGEA8",1.270762898,"4107"
"1418","CTSZ",1.270657458,"1522"
"1419","SLC31A1",1.270436273,"1317"
"1420","SLC35A5",1.270114374,"55032"
"1421","NTN4",1.270073376,"59277"
"1422","TBK1",1.269053476,"29110"
"1423","EDF1",1.268334727,"8721"
"1424","LRIG1",1.267643397,"26018"
"1425","PPP2R1A",1.267548994,"5518"
"1426","PPM1H",1.266843945,"57460"
"1427","SDSL",1.26405403,"113675"
"1428","IAH1",1.26334892,"285148"
"1429","RAP1GAP2",1.26287529,"23108"
"1430","MGAT4A",1.262869198,"11320"
"1431","ARMCX5",1.262445447,"64860"
"1432","IL15RA",1.260473207,"3601"
"1433","SNHG29",1.259983176,"125144"
"1434","C3orf38",1.25946201,"285237"
"1435","OCRL",1.258582563,"4952"
"1436","NREP",1.257362921,"9315"
"1437","ANAPC10",1.256911677,"10393"
"1438","AARS1",1.25647953,"16"
"1439","RIBC1",1.255820923,"158787"
"1440","MICA",1.255236583,"100507436"
"1441","PHAX",1.25505994,"51808"
"1442","APOO",1.254642208,"79135"
"1443","NSRP1",1.254586934,"84081"
"1444","GNAI2",1.253828194,"2771"
"1445","FAM118B",1.253741058,"79607"
"1446","GRAMD2A",1.253427417,"196996"
"1447","TENT4B",1.252676228,"64282"
"1448","TMOD1",1.250776696,"7111"
"1449","SAP30L",1.249915851,"79685"
"1450","TRERF1",1.249833418,"55809"
"1451","SPRING1",1.249689753,"79794"
"1452","MAP4K3",1.249461418,"8491"
"1453","PRR5L",1.248842027,"79899"
"1454","RBM27",1.248270556,"54439"
"1455","HOXC-AS3",1.247156725,"100874365"
"1456","MYO1A",1.247091795,"4640"
"1457","TRAPPC6A",1.246820551,"79090"
"1458","SLC25A28",1.245639163,"81894"
"1459","METTL21A",1.245217719,"151194"
"1460","DPCD",1.245052238,"25911"
"1461","PHOSPHO2",1.244410063,"493911"
"1462","GADD45GIP1",1.243734239,"90480"
"1463","METTL8",1.24370223,"79828"
"1464","ATP6V0A2",1.243421088,"23545"
"1465","ALKBH5",1.243118664,"54890"
"1466","VAMP8",1.242590727,"8673"
"1467","GOLGA6A",1.242260443,"342096"
"1468","ACTR3B",1.241568003,"57180"
"1469","ZNF622",1.241416666,"90441"
"1470","NEK7",1.240968385,"140609"
"1471","FAM107B",1.240182395,"83641"
"1472","INPP1",1.240172477,"3628"
"1473","MIR22HG",1.239696606,"84981"
"1474","TMEM135",1.239252733,"65084"
"1475","FAIM",1.239222729,"55179"
"1476","TMEM45A",1.238844199,"55076"
"1477","PLA2G7",1.238735675,"7941"
"1478","DNA2",1.238028257,"1763"
"1479","RCBTB1",1.238025772,"55213"
"1480","PPP1R36",1.237583361,"145376"
"1481","DSP",1.237221224,"1832"
"1482","MAT2B",1.235930596,"27430"
"1483","GNPTG",1.235224057,"84572"
"1484","ZNF32",1.234826045,"7580"
"1485","PDXK",1.234751,"8566"
"1486","PDXK",1.234751,"8566"
"1487","ZNF18",1.234454591,"7566"
"1488","ITPKA",1.234170084,"3706"
"1489","PSTK",1.23351427,"118672"
"1490","ZSWIM9",1.233144299,"374920"
"1491","ZEB1",1.232754598,"6935"
"1492","GTF2A2",1.231798336,"2958"
"1493","SHLD1",1.231594811,"149840"
"1494","SGMS1",1.231583863,"259230"
"1495","ALKBH1",1.229951403,"8846"
"1496","NUDCD1",1.229766547,"84955"
"1497","CEP104",1.2293715,"9731"
"1498","SELENOM",1.228393412,"140606"
"1499","GABARAPL2",1.226229588,"11345"
"1500","SLC25A42",1.2256583,"284439"
"1501","TAMM41",1.224889671,"132001"
"1502","HPS5",1.224751905,"11234"
"1503","SGCE",1.224715902,"8910"
"1504","FKBP7",1.224176066,"51661"
"1505","SETD9",1.223402175,"133383"
"1506","MPZL3",1.22338383,"196264"
"1507","DNAAF5",1.223294546,"54919"
"1508","HAUS1",1.222950584,"115106"
"1509","SLC22A13",1.221007309,"9390"
"1510","NEURL1B",1.220794881,"54492"
"1511","SELENOF",1.220037914,"9403"
"1512","CALHM6",1.219805568,"441168"
"1513","SIRPD",1.21976254,"128646"
"1514","PAPSS1",1.217515061,"9061"
"1515","CTSV",1.216294615,"1515"
"1516","CD320",1.21562153,"51293"
"1517","PELI1",1.215146352,"57162"
"1518","GEMIN5",1.215054269,"25929"
"1519","ZFP69B",1.214353011,"65243"
"1520","RYBP",1.21376496,"23429"
"1521","CDC73",1.212822069,"79577"
"1522","PITPNC1",1.212270615,"26207"
"1523","DNLZ",1.212074658,"728489"
"1524","SESN1",1.211880939,"27244"
"1525","ETFA",1.210548908,"2108"
"1526","LINC01806",1.209966165,"100996579"
"1527","OSER1",1.209819796,"51526"
"1528","MAT1A",1.209481397,"4143"
"1529","SRSF12",1.208795592,"135295"
"1530","ZNF680",1.208767151,"340252"
"1531","PNPLA4",1.208542431,"8228"
"1532","TDP2",1.208215221,"51567"
"1533","GRAMD4",1.20644323,"23151"
"1534","ILDR1",1.205990161,"286676"
"1535","UFD1",1.205579448,"7353"
"1536","CFD",1.204419629,"1675"
"1537","CDO1",1.203578245,"1036"
"1538","MED29",1.203504588,"55588"
"1539","UBE2Q2",1.203027624,"92912"
"1540","RFTN2",1.202354311,"130132"
"1541","MOB1B",1.201151154,"92597"
"1542","TPRN",1.200212583,"286262"
"1543","TMEM35B",1.19964994,"100506144"
"1544","CYB561D2",1.199275668,"11068"
"1545","SNX14",1.198687625,"57231"
"1546","POMP",1.19854822,"51371"
"1547","ZNF254",1.198099663,"9534"
"1548","MECR",1.197660669,"51102"
"1549","NUDT7",1.196872779,"283927"
"1550","TRDMT1",1.196685056,"1787"
"1551","SNF8",1.19622531,"11267"
"1552","JOSD1",1.195558959,"9929"
"1553","LINC02047",1.194365593,"101927346"
"1554","BSCL2",1.19403061,"26580"
"1555","EZH1",1.193757925,"2145"
"1556","CYC1",1.192328003,"1537"
"1557","ATP11A",1.191828701,"23250"
"1558","CCDC77",1.191376517,"84318"
"1559","POLR3F",1.190790231,"10621"
"1560","TLE5",1.190153034,"166"
"1561","EXOSC9",1.189744029,"5393"
"1562","SOAT1",1.189212746,"6646"
"1563","MBTPS1",1.189121428,"8720"
"1564","TRMT6",1.18841846,"51605"
"1565","PPP1CA",1.185578945,"5499"
"1566","ENDOV",1.183559713,"284131"
"1567","CXorf38",1.18327881,"159013"
"1568","ZDHHC8",1.182879119,"29801"
"1569","TTC8",1.182741212,"123016"
"1570","MAP3K21",1.182483357,"84451"
"1571","IFI30",1.181703996,"10437"
"1572","RNF113A",1.1810124,"7737"
"1573","LEO1",1.180924248,"123169"
"1574","ALG9",1.180534399,"79796"
"1575","LIPT1",1.179401783,"51601"
"1576","MYEOV",1.177902949,"26579"
"1577","SOAT2",1.177438976,"8435"
"1578","HSD17B2",1.177431206,"3294"
"1579","LDHC",1.176714973,"3948"
"1580","ZSWIM6",1.175845974,"57688"
"1581","CDKN2AIPNL",1.175165186,"91368"
"1582","TBRG1",1.174818943,"84897"
"1583","PEBP1",1.174611045,"5037"
"1584","TMEM123",1.173399834,"114908"
"1585","MSANTD3",1.173325635,"91283"
"1586","CD14",1.170600789,"929"
"1587","NFKB2",1.168548008,"4791"
"1588","GMEB1",1.168042021,"10691"
"1589","PCDHB10",1.167917415,"56126"
"1590","SSB",1.163671763,"6741"
"1591","ARFGAP3",1.162122259,"26286"
"1592","SKI",1.1594228,"6497"
"1593","EFS",1.158819977,"10278"
"1594","ARL13B",1.158048327,"200894"
"1595","ZBTB49",1.157873981,"166793"
"1596","NEK6",1.156619167,"10783"
"1597","NUP155",1.156180921,"9631"
"1598","NTHL1",1.155259486,"4913"
"1599","MRPL58",1.154002466,"3396"
"1600","PSPH",1.153057952,"5723"
"1601","TRMT10A",1.150614607,"93587"
"1602","NDUFS7",1.148526995,"374291"
"1603","MRM2",1.141862341,"29960"
"1604","PRR5",1.137136843,"55615"
"1605","LEPROT",1.127705785,"54741"
"1606","ATP8B2",1.116792457,"57198"
"1607","SLC2A4RG",1.108626872,"56731"
"1608","PHF19",1.094591165,"26147"
"1609","TRAFD1",1.094322007,"10906"
"1610","RAB4B",1.089319441,"53916"
"1611","SHMT1",1.08772853,"6470"
"1612","WASHC2C",1.086635012,"253725"
"1613","RAB40B",1.086171872,"10966"
"1614","CALM3",1.086146289,"808"
"1615","HOXB9",1.075428372,"3219"
"1616","DHODH",1.073204936,"1723"
"1617","SPATA21",1.071222484,"374955"
"1618","CIRBP",1.069673717,"1153"
"1619","CYTH2",1.061395415,"9266"
"1620","GAK",1.052198349,"2580"
"1621","DOCK8",1.051190782,"81704"
"1622","MAZ",1.050324743,"4150"
"1623","BRD2",1.048662088,"6046"
"1624","RAD23A",1.042966177,"5886"
"1625","GANC",1.042927963,"2595"
"1626","CACTIN",1.040005929,"58509"
"1627","NIP7",1.039146991,"51388"
"1628","TXNL4B",1.032234489,"54957"
"1629","TIMM10B",1.031289691,"26515"
"1630","SH3KBP1",1.029652118,"30011"
"1631","LETM1",1.026012471,"3954"
"1632","LUC7L2",1.020584962,"51631"
"1633","CDYL2",1.017371148,"124359"
"1634","WASHC2A",1.015796991,"387680"
"1635","RGS16",1.015673265,"6004"
"1636","PTBP2",1.015118063,"58155"
"1637","TIMM22",1.014364606,"29928"
"1638","TRPV1",1.005495036,"7442"
"1639","CHST12",1.005360359,"55501"
